{
  "allow": [
    {
      "description": "Open version and healthcheck endpoints",
      "paths": [
        "/version",
        "/healthcheck",
        "/deepcheck"
      ],
      "methods": [
        "GET"
      ],
      "principals": {
        "open": {
          "reason": "Allow requests for version and healthcheck endpoints"
        }
      }
    },
    {
      "description": "Open all endpoints used in the App logic",
      "paths": [
        "/",
        "/github/**",
        "/github-manifest",
        "/create-branch-options",
        "/jira",
        "/jira/**",
        "/maintenance",
        "/public/**",
        "/session",
        "/session/**",
        "/error",
        "/error/**",
        "/setup"
      ],
      "methods": [
        "*"
      ],
      "principals": {
        "open": {
          "reason": "Allow requests to the app endpoints because authentication is handled on the app side"
        }
      }
    },
    {
      "description": "Allow service team to call API endpoints",
      "paths": [
        "/api/**"
      ],
      "methods": [
        "*"
      ],
      "principals": {
        "staff": {
          "groups": [
            "micros-sv--github-for-jira-dl-admins"
          ]
        }
      }
    }
  ]
}
